{"main":"american-flights-api.raml","name":"American Flights API","classifier":"raml","tags":[],"dependencies":[{"groupId":"68ef9520-24e9-4cf2-b2f5-620025690913","assetId":"training-american-flight-data-type","version":"1.0.1"},{"groupId":"68ef9520-24e9-4cf2-b2f5-620025690913","assetId":"training-american-flights-example","version":"1.0.1"}],"groupId":"3bc1df68-f3c3-49fb-a24f-e6f597cb5a17","backwardsCompatible":false,"assetId":"american-flights-api","version":"1.0.1","apiVersion":"v1","metadata":{"projectId":"0c22e8c5-a30b-45c7-9fb9-1a93feb935d5","branchId":"master","commitId":"01f8f5e599b898b1467d6af86f427df89463c05e"}}