<?xml version="1.0" encoding="UTF-8"?>

<mule xmlns:dw="http://www.mulesoft.org/schema/mule/ee/dw" xmlns:db="http://www.mulesoft.org/schema/mule/db" xmlns:json="http://www.mulesoft.org/schema/mule/json" xmlns:metadata="http://www.mulesoft.org/schema/mule/metadata" xmlns:http="http://www.mulesoft.org/schema/mule/http" xmlns:tracking="http://www.mulesoft.org/schema/mule/ee/tracking" xmlns="http://www.mulesoft.org/schema/mule/core" xmlns:doc="http://www.mulesoft.org/schema/mule/documentation"
	xmlns:spring="http://www.springframework.org/schema/beans" 
	xmlns:xsi="http://www.w3.org/2001/XMLSchema-instance"
	xsi:schemaLocation="http://www.springframework.org/schema/beans http://www.springframework.org/schema/beans/spring-beans-current.xsd
http://www.mulesoft.org/schema/mule/core http://www.mulesoft.org/schema/mule/core/current/mule.xsd
http://www.mulesoft.org/schema/mule/http http://www.mulesoft.org/schema/mule/http/current/mule-http.xsd
http://www.mulesoft.org/schema/mule/ee/tracking http://www.mulesoft.org/schema/mule/ee/tracking/current/mule-tracking-ee.xsd
http://www.mulesoft.org/schema/mule/db http://www.mulesoft.org/schema/mule/db/current/mule-db.xsd
http://www.mulesoft.org/schema/mule/json http://www.mulesoft.org/schema/mule/json/current/mule-json.xsd
http://www.mulesoft.org/schema/mule/ee/dw http://www.mulesoft.org/schema/mule/ee/dw/current/dw.xsd">
    <http:listener-config name="HTTP_Listener_Configuration" host="0.0.0.0" port="8082" doc:name="HTTP Listener Configuration"/>
    <db:mysql-config name="MySQL_Configuration" host="iltdb.mulesoft-training.com" port="3306" user="mule" password="mule" database="training" doc:name="MySQL Configuration"/>
    <flow name="getFlightsFlow">
        <http:listener config-ref="HTTP_Listener_Configuration" path="/flights" allowedMethods="GET" doc:name="HTTP"/>
        <db:select config-ref="MySQL_Configuration" doc:name="America_Database">
            <db:parameterized-query><![CDATA[select * from american where toAirport= #[message.inboundProperties.'http.query.params'.destination]]]></db:parameterized-query>
        </db:select>
        <dw:transform-message doc:name="Transform Message" metadata:id="5e573a74-19ce-49b3-ba66-b8ea770eb1cb">
            <dw:set-payload><![CDATA[%dw 1.0
%output application/json
---
payload map ((payload01 , indexOfPayload01) -> {
	ID: payload01.ID,
	code: payload01.code1 ++ payload01.code2,
	price: payload01.price as :number,
	departureDate: payload01.takeOffDate as :string,
	origin: payload01.fromAirport,
	destination: payload01.toAirport,
	plane: {
		type: payload01.planeType,
		totalSeats: payload01.totalSeats as :number
	}
})]]></dw:set-payload>
        </dw:transform-message>
    </flow>
    <flow name="getFlightsByIdFlow">
        <http:listener config-ref="HTTP_Listener_Configuration" path="/flights/{ID}" allowedMethods="GET" doc:name="HTTP"/>
        <db:select config-ref="MySQL_Configuration" doc:name="Database">
            <db:parameterized-query><![CDATA[select * from american where ID=#[message.inboundProperties.'http.uri.params'.ID]]]></db:parameterized-query>
        </db:select>
        <dw:transform-message doc:name="Transform Message" metadata:id="370e31b7-1a28-4094-b5e5-1ee39c44d4f9">
            <dw:set-payload><![CDATA[%dw 1.0
%output application/json
---
payload map ((payload01 , indexOfPayload01) -> {
	code: payload01.code1++ payload01.code2,
	price: payload01.price as :number,
	departureDate: payload01.takeOffDate as :string,
	origin: payload01.fromAirport,
	destination: payload01.toAirport,
	plane: {
		type: payload01.planeType,
		totalSeats: payload01.totalSeats as :number
	}
})]]></dw:set-payload>
        </dw:transform-message>
    </flow>
    <flow name="deleteFlightsByIDFlow">
        <http:listener config-ref="HTTP_Listener_Configuration" path="/flights/{ID}" allowedMethods="DELETE" doc:name="HTTP"/>
        <set-payload value="{&quot;message&quot;: &quot;Flight deleted&quot;}" mimeType="application/json" doc:name="Set Payload"/>
    </flow>
    <flow name="putFlightsByIDFlow">
        <http:listener config-ref="HTTP_Listener_Configuration" path="/flights/{ID}" allowedMethods="PUT" doc:name="HTTP"/>
        <set-payload value="{&quot;message&quot;: &quot;Flight updated&quot;}" mimeType="application/json" doc:name="Set Payload"/>
    </flow>
    <flow name="postFlightsFlow">
        <http:listener config-ref="HTTP_Listener_Configuration" path="/flights" allowedMethods="POST" doc:name="HTTP"/>
        <set-payload value="{&quot;message&quot;: &quot;Flight added&quot;}" mimeType="application/json" doc:name="Set Payload"/>
    </flow>
</mule>
